Epoch,Train Loss,Validation AUC,Validation F1,Validation Precision,Validation Recall,Validation Hit,Validation mAP
0,0.30467620491981506,0.5072779663867647,0.3095004897159647,0.5532212885154062,0.21484906173511015,0.4,0.5171269994248243
1,0.2959916889667511,0.5211097673732643,0.32686767812560014,0.5562091503267974,0.23143867283111233,0.5,0.5228507486603347
